transporteur_id;nom_transporteur
T000001;Greene LLC
T000002;Chavez-Cole
T000003;Turner-Rose
T000004;Warren-Curry
T000005;Rogers-Butler
T000006;Smith, Stark and Knapp
T000007;Hess-Goodwin
T000008;Mullen, Newman and Oconnor
T000009;Monroe, Patel and Roberson
T000010;Shepard, Anderson and Griffin
T000011;Fitzpatrick-Davis
T000012;Moore Group
T000013;Holland, Campbell and Ali
T000014;Hicks and Sons
T000015;Orr Ltd
T000016;Williamson PLC
T000017;Johnson LLC
T000018;Lynch-Howe
T000019;Lopez-Watson
T000020;Wright, Melendez and Wood
T000021;Brown-Moore
T000022;Barry, Brooks and Perez
T000023;Lewis, Roberson and Robertson
T000024;Nelson Ltd
T000025;Thompson and Sons
T000026;Jacobs, Richards and Parrish
T000027;Wade LLC
T000028;Patterson Group
T000029;Davenport-Lawson
T000030;Dyer, Evans and Patel
T000031;Lee, Smith and Jones
T000032;Rodriguez, Clay and Wallace
T000033;Davis, Williams and Powell
T000034;Wood-Sharp
T000035;Romero, Small and Garcia
T000036;Elliott Group
T000037;Hess Inc
T000038;Hernandez Ltd
T000039;Vasquez, Palmer and Lopez
T000040;Rice, Thompson and Mitchell
T000041;Meyers Ltd
T000042;White Inc
T000043;Lara, Rogers and Mcbride
T000044;Howell PLC
T000045;Guerra, Cook and Reynolds
T000046;Bennett Inc
T000047;Davis-Carlson
T000048;Smith, Rivas and Dorsey
T000049;Moore LLC
T000050;Acevedo-Nguyen
T000051;Phillips, Elliott and Hahn
T000052;Ortega Group
T000053;Burgess-Bender
T000054;Fisher Inc
T000055;Cardenas PLC
T000056;Holmes, Oliver and Lewis
T000057;Kim PLC
T000058;Sims, Anderson and Avery
T000059;Hernandez Group
T000060;Robinson-Kramer
T000061;Velasquez-Harrison
T000062;Klein, Kelly and Baker
T000063;Graham, Smith and Malone
T000064;Bowers, Williams and Garza
T000065;Chang, Park and Cook
T000066;Wong LLC
T000067;Harrison, Herrera and Banks
T000068;Frey, Hoffman and Carpenter
T000069;Drake, Butler and Perez
T000070;Woods, Warren and Webster
T000071;Bruce-Kelly
T000072;Palmer, Taylor and Gutierrez
T000073;Ochoa-Mendez
T000074;Hicks PLC
T000075;Weber, Macias and Carson
T000076;Barnett, Irwin and Walsh
T000077;Huber Inc
T000078;Garcia, Wheeler and Adams
T000079;Reyes, Solis and Watson
T000080;Adams, Flores and Phillips
T000081;Frank-Crawford
T000082;Ruiz, Ferrell and Dean
T000083;Williams, Chang and Fletcher
T000084;Williamson, Perez and Goodman
T000085;Anderson, Dunn and Yates
T000086;White-Jackson
T000087;Richardson, Livingston and Mosley
T000088;Valenzuela-Ramos
T000089;Spears Ltd
T000090;Graham, Haas and Barton
T000091;Flynn, Newman and Glover
T000092;Estes Inc
T000093;Little-Carroll
T000094;Thomas-Lloyd
T000095;Morris-Lopez
T000096;Martin, Flynn and Perkins
T000097;Matthews-Bell
T000098;Buckley, Hernandez and Dodson
T000099;Olsen Inc
T000100;Mitchell PLC
T000101;Edwards PLC
T000102;Jones-Franklin
T000103;Phelps-Rollins
T000104;Rios-Jacobs
T000105;Foster-Myers
T000106;Alvarez and Sons
T000107;Baldwin-Carpenter
T000108;Scott, Ray and Lee
T000109;Hansen-Contreras
T000110;Hunt-Tanner
T000111;Campbell and Sons
T000112;Welch LLC
T000113;Miller, Parker and Hogan
T000114;Page LLC
T000115;Underwood, Anderson and Rodriguez
T000116;Blackburn-Lewis
T000117;Roman Group
T000118;Henry, Martinez and Banks
T000119;Williams PLC
T000120;Obrien, Hill and Wade
T000121;Bowen Ltd
T000122;Hester, Johnson and Wilson
T000123;Benjamin-Hernandez
T000124;Thomas, Smith and Webb
T000125;Webb PLC
T000126;Maxwell, Burch and Brown
T000127;Moran-Savage
T000128;Kirk and Sons
T000129;Luna, Martinez and Lee
T000130;Wolfe, Sutton and Stephens
T000131;Kelly, Smith and Blair
T000132;Hoffman-Parsons
T000133;Rogers-Miller
T000134;Stein, Richard and Burton
T000135;Lin PLC
T000136;Garcia-Patrick
T000137;Wilson Inc
T000138;Anderson-Cook
T000139;Pearson, Jarvis and Erickson
T000140;Williams, Salazar and Elliott
T000141;Cook-Mooney
T000142;Gibson, Dixon and Rodriguez
T000143;Adams Ltd
T000144;Hamilton, Parker and Hill
T000145;Lin Inc
T000146;Roth-Edwards
T000147;Allen-Ortega
T000148;Thomas, Rogers and Cline
T000149;Reed-Hammond
T000150;Becker-Dean
T000151;Cox-Bowen
T000152;Cox LLC
T000153;Rogers-Sanders
T000154;Smith-Contreras
T000155;Colon, Jackson and Soto
T000156;Miller PLC
T000157;Moore, Anderson and Hughes
T000158;Yoder Ltd
T000159;Mcgrath Inc
T000160;Walker LLC
T000161;Gomez, Smith and Sullivan
T000162;Williams, Weber and Williams
T000163;Harris, Carrillo and Williams
T000164;Mueller-Lyons
T000165;Lopez, Gregory and Freeman
T000166;Brooks-Lyons
T000167;Smith-Wells
T000168;Torres, Smith and Cooper
T000169;Russo, Richard and Fry
T000170;Jordan-Bates
T000171;Howard-Edwards
T000172;Mitchell, Hall and Mercado
T000173;Lynch and Sons
T000174;Brown Ltd
T000175;Adkins-English
T000176;Wilkins-Strickland
T000177;Hayes Ltd
T000178;Weaver-Rodgers
T000179;Henry Group
T000180;Johnson-Acevedo
T000181;Edwards Group
T000182;Calhoun and Sons
T000183;Nichols-Smith
T000184;Huff-Berry
T000185;Lambert Ltd
T000186;Rodgers, King and Smith
T000187;Mcclure, Williams and Dunlap
T000188;Stevens PLC
T000189;James LLC
T000190;Patterson Group
T000191;Garcia-Brown
T000192;Gentry Group
T000193;Sawyer-Lindsey
T000194;Floyd Inc
T000195;Davis-Deleon
T000196;Barnes and Sons
T000197;Holmes, Byrd and Stout
T000198;Leon, Acosta and Torres
T000199;Flores-Guzman
T000200;Wilcox-Conway
T000201;Chen LLC
T000202;Taylor-Flynn
T000203;Pitts-Smith
T000204;Cochran-Hernandez
T000205;Tran LLC
T000206;Glass, Sanders and Sanders
T000207;Munoz, Coffey and Smith
T000208;Campbell, Harris and Taylor
T000209;Gordon, Koch and Pearson
T000210;Hall-Collins
T000211;Clark, Barnett and Stone
T000212;Wilson-Patton
T000213;Blankenship-Jordan
T000214;Richards, Hall and Johnson
T000215;Curtis-Pineda
T000216;Madden, Mendoza and Nunez
T000217;Yang Inc
T000218;Ray, Hart and Mccormick
T000219;Schmidt Inc
T000220;Benton-Ramirez
T000221;Wright, Jackson and Cole
T000222;Dominguez-Johnson
T000223;Camacho-Newman
T000224;Hunter-Grant
T000225;Allen LLC
T000226;Miranda, Williams and Walker
T000227;Padilla, Contreras and Mckinney
T000228;Miranda, Dunlap and Robbins
T000229;Ward-Murillo
T000230;Love-Medina
T000231;Brown, Colon and Olson
T000232;Medina, Webb and Roy
T000233;Bennett Inc
T000234;Marquez PLC
T000235;Hull, Merritt and Lewis
T000236;Williams-Pruitt
T000237;Yoder, Miller and Nunez
T000238;Jones, Thompson and Reynolds
T000239;Howell and Sons
T000240;Duran Inc
T000241;White, Williams and Griffith
T000242;Burton Group
T000243;James, Best and Miller
T000244;Evans Group
T000245;Mills-Anderson
T000246;Miles-Campos
T000247;Harper-Carter
T000248;Thompson, Shaffer and Johnson
T000249;Wilson Group
T000250;Morrow-Herrera
T000251;Hanna Group
T000252;Robertson, Martin and Butler
T000253;Frazier PLC
T000254;Good, Martinez and Cantrell
T000255;Stevens-Garcia
T000256;Long PLC
T000257;Morris-Thomas
T000258;Hall Ltd
T000259;Butler LLC
T000260;Gonzalez, Parrish and Crawford
T000261;Galvan Ltd
T000262;Smith Ltd
T000263;Johnson Group
T000264;Herrera Inc
T000265;Smith and Sons
T000266;Harris LLC
T000267;Cox, Pace and Walters
T000268;Gallagher, Cuevas and Kim
T000269;Young Inc
T000270;Lewis-Davis
T000271;Simon-Warner
T000272;Fitzgerald, Riggs and Arias
T000273;Brock Inc
T000274;Mcdaniel-Gentry
T000275;James LLC
T000276;Dean-Sullivan
T000277;Kelly Ltd
T000278;Schultz-Stone
T000279;Carter, Garcia and Burke
T000280;Craig, Curtis and Haynes
T000281;Simpson-Stephenson
T000282;Nolan, Murphy and Hoffman
T000283;Humphrey-Reynolds
T000284;Boyle Inc
T000285;Chapman, Smith and Miranda
T000286;Washington-Stone
T000287;Franklin, Hall and Reynolds
T000288;Wang-Evans
T000289;Miller-Bell
T000290;Griffin-Costa
T000291;Garcia, Decker and Rowe
T000292;Allen Inc
T000293;Gill Inc
T000294;Bond-Martin
T000295;Briggs, Sanchez and Miller
T000296;Rodriguez and Sons
T000297;Stevens Group
T000298;Stone and Sons
T000299;Medina, Fischer and Ward
T000300;Martinez-Wilson
